{
    "discretization": 100,
    "degree": 3,
    "controlPoints": [
        -10.909,
        0.927,
        1.264,
        1,
        -6.464,
        2.823,
        1.243,
        1,
        1.416,
        5.915,
        0.002,
        1,
        6.379,
        4.864,
        -0.584,
        1,
        5.128,
        4.209,
        -0.201,
        1,
        4.469,
        3.714,
        -0.215,
        1,
        4.951,
        2.659,
        -0.684,
        1,
        6.566,
        1.65,
        -0.456,
        1,
        6.537,
        0.319,
        -0.966,
        1,
        3.127,
        0.377,
        -3.837,
        1,
        0.178,
        1.376,
        -3.233,
        1,
        -0.46614825237014035,
        2.2223475733332068,
        0,
        1,
        -2.84560321812869,
        2.38600486027928,
        0,
        1,
        -5.811611233563509,
        2.3288261367808345,
        0,
        1,
        -6.83843074369244,
        1.9445855113076682,
        0,
        1
    ],
    "knots": [
        0,
        0.056,
        0.111,
        0.167,
        0.222,
        0.278,
        0.333,
        0.389,
        0.444,
        0.5,
        0.556,
        0.611,
        0.667,
        0.722,
        0.778,
        0.833,
        0.889,
        0.944,
        1
    ]
}